City_ID,City,Lat,Lng,Max Temp,Humidity,Cloudiness,Wind Speed,Country,Date
0,aswan,24.0934,32.907,24.61,50,0,2.06,EG,1699850546
1,ambovombe,-25.1667,46.0833,27.27,42,0,3.35,MG,1699850546
2,andovoranto,-18.95,49.1,25.3,70,96,1.57,MG,1699850546
3,adamstown,-25.066,-130.1015,22.78,87,100,8.95,PN,1699850546
4,severo-yeniseyskiy,60.3725,93.0408,-4.12,98,98,0.89,RU,1699850546
5,margaret river,-33.95,115.0667,24.65,51,63,2.28,AU,1699850546
6,ar rutbah,33.0381,40.2848,19.32,29,84,2.92,IQ,1699850547
7,port-aux-francais,-49.35,70.2167,4.27,85,100,4.39,TF,1699850547
8,lubao,14.9167,120.55,32.84,58,96,5.3,PH,1699850547
9,howard springs,-12.497,131.047,33.23,58,56,3.35,AU,1699850547
10,anadyr,64.75,177.4833,-1.72,86,75,5.0,RU,1699850547
11,jianshui,23.6363,102.8264,20.66,77,100,0.82,CN,1699850548
12,blackmans bay,-43.0167,147.3167,22.07,40,3,1.79,AU,1699850548
13,malysheva,57.1185,61.4035,0.94,83,100,1.52,RU,1699850548
14,bredasdorp,-34.5322,20.0403,15.53,76,61,1.84,ZA,1699850548
15,taroa,8.7058,171.2275,28.23,83,81,8.02,MH,1699850548
16,coquimbo,-29.9533,-71.3436,13.85,82,0,3.09,CL,1699850548
17,stanley,54.868,-1.6985,6.96,95,100,1.54,GB,1699850375
18,college,64.8569,-147.8028,-9.4,87,20,0.0,US,1699850548
19,astara,38.5,48.6667,5.39,41,48,2.69,AZ,1699850549
20,waitangi,-43.9535,-176.5597,14.9,81,100,2.68,NZ,1699850549
21,west island,-12.1568,96.8225,27.99,74,75,6.69,CC,1699850549
22,ushuaia,-54.8,-68.3,9.81,53,40,6.69,AR,1699850547
23,tiksi,71.6872,128.8694,-17.05,91,82,5.64,RU,1699850549
24,grytviken,-54.2811,-36.5092,2.6,89,100,1.56,GS,1699850549
25,barra da estiva,-13.6261,-41.3269,19.26,45,0,2.53,BR,1699850549
26,tabou,4.423,-7.3528,25.57,89,36,2.66,CI,1699850550
27,bethel,41.3712,-73.414,1.08,77,0,0.0,US,1699850550
28,sinabang,2.4803,96.3801,28.58,75,72,1.33,ID,1699850550
29,edinburgh of the seven seas,-37.0676,-12.3116,14.27,82,55,10.73,SH,1699850550
30,ulladulla,-35.35,150.4667,25.98,57,61,3.79,AU,1699850550
31,bilibino,68.0546,166.4372,-17.15,98,100,2.42,RU,1699850550
32,whitehorse,60.7161,-135.0538,-3.57,80,100,3.6,CA,1699850550
33,auna,10.1881,4.7232,23.24,34,33,1.31,NG,1699850551
34,port mathurin,-19.6833,63.4167,25.29,76,0,1.51,MU,1699850551
35,genhe,50.7833,121.5167,-3.35,42,6,1.64,CN,1699850551
36,yellowknife,62.456,-114.3525,-7.55,97,100,6.69,CA,1699850551
37,orchard homes,46.8633,-114.0484,5.51,76,0,4.47,US,1699850551
38,wailua homesteads,22.0669,-159.378,26.24,82,75,10.29,US,1699850535
39,gemena,3.25,19.7667,21.14,98,48,0.56,CD,1699850552
40,tura,25.5198,90.2201,26.95,52,0,0.71,IN,1699850552
41,sao joao da barra,-21.6403,-41.0511,24.01,89,85,1.9,BR,1699850552
42,saipan,15.1355,145.701,31.39,66,20,7.2,MP,1699850552
43,hadibu,12.65,54.0333,27.42,80,51,5.71,YE,1699850552
44,isafjordur,66.0755,-23.124,1.15,85,100,2.67,IS,1699850552
45,jamestown,42.097,-79.2353,3.73,88,0,0.0,US,1699850265
46,kerikeri,-35.2268,173.9474,19.23,53,41,3.44,NZ,1699850552
47,kyabe,9.4515,18.9449,23.62,86,100,1.2,TD,1699850553
48,longyearbyen,78.2186,15.6401,-7.09,79,75,10.8,SJ,1699850553
49,hoa binh,20.8133,105.3383,16.58,95,100,1.28,VN,1699850553
50,luanda,-8.8368,13.2343,25.0,83,75,1.54,AO,1699850380
51,vicuna,-30.0319,-70.7081,9.85,55,14,0.36,CL,1699850553
52,bhanvad,21.9264,69.7736,26.69,21,100,5.29,IN,1699850553
53,kodiak,57.79,-152.4072,-0.27,74,75,3.09,US,1699850554
54,vorgashor,67.5833,63.95,-11.61,98,95,2.49,RU,1699850554
55,recani,31.2846,-4.2688,17.63,34,67,0.13,MA,1699850554
56,puerto ayora,-0.7393,-90.3518,24.75,92,77,4.02,EC,1699850554
57,callao,-12.0667,-77.15,20.4,82,100,6.17,PE,1699850554
58,ribeira grande,38.5167,-28.7,16.54,88,100,2.24,PT,1699850554
59,karaidel',55.8337,56.9069,3.39,73,100,4.88,RU,1699850555
60,salinopolis,-0.6136,-47.3561,26.22,81,11,3.91,BR,1699850555
61,katsuren-haebaru,26.3369,127.8719,23.21,43,40,7.72,JP,1699850555
62,omutinskiy,56.4745,67.6709,1.08,83,59,3.97,RU,1699850555
63,albany,42.6001,-73.9662,-2.55,82,0,1.26,US,1699850530
64,thompson,55.7435,-97.8558,-1.91,100,100,0.0,CA,1699850555
65,puerto natales,-51.7236,-72.4875,4.45,85,100,2.2,CL,1699850556
66,iqaluit,63.7506,-68.5145,-17.95,77,75,4.63,CA,1699850556
67,laoang,12.5,125.0167,28.66,81,87,3.25,PH,1699850556
68,nguigmi,14.2495,13.1092,23.93,22,11,5.2,NE,1699850556
69,utrik,11.2278,169.8474,27.88,83,99,9.45,MH,1699850556
70,codrington,-38.2667,141.9667,16.11,55,14,6.78,AU,1699850556
71,chibougamau,49.9168,-74.3659,-6.21,93,100,3.09,CA,1699850556
72,revda,56.801,59.9303,1.51,81,100,1.47,RU,1699850557
73,atafu village,-8.5421,-172.5159,29.5,67,40,1.89,TK,1699850557
74,port elizabeth,-33.918,25.5701,16.16,75,0,5.14,ZA,1699850557
75,pirgaaj,25.8604,88.3635,27.21,44,0,1.48,BD,1699850557
76,sahab,31.8721,36.005,17.35,59,0,2.57,JO,1699850557
77,vila franca do campo,37.7167,-25.4333,20.23,99,87,5.59,PT,1699850557
78,port lincoln,-34.7333,135.8667,17.36,62,100,5.58,AU,1699850557
79,i-n-salah,27.1935,2.4607,19.51,36,20,4.62,DZ,1699850557
80,hobyo,5.3505,48.5268,27.81,77,100,4.52,SO,1699850558
81,aykhal,66.0,111.5,-12.43,94,99,4.14,RU,1699850558
82,dunedin,-45.8742,170.5036,13.22,80,100,1.34,NZ,1699850558
83,new norfolk,-42.7826,147.0587,22.72,35,14,4.62,AU,1699850558
84,ma'rib,15.4591,45.3253,22.8,37,56,2.19,YE,1699850558
85,marina di cerveteri,41.98,12.0529,11.92,82,31,1.96,IT,1699850559
86,port alfred,-33.5906,26.891,16.21,82,87,1.34,ZA,1699850559
87,petropavlovsk-kamchatsky,53.0452,158.6483,-1.67,74,40,12.52,RU,1699850559
88,invercargill,-46.4,168.35,11.12,89,100,4.02,NZ,1699850559
89,dawei,14.0833,98.2,33.35,51,100,3.18,MM,1699850559
90,sodra sandby,56.5667,16.6167,3.27,90,46,3.64,SE,1699850559
91,hithadhoo,-0.6,73.0833,27.13,80,96,3.17,MV,1699850560
92,nemuro,43.3236,145.575,5.17,42,28,2.22,JP,1699850560
93,pereslavl'-zalesskiy,56.7393,38.8563,3.43,96,100,4.52,RU,1699850560
94,inarajan village,13.2736,144.7484,32.54,83,22,7.64,GU,1699850560
95,vadso,70.0744,29.7487,-4.91,86,40,2.57,NO,1699850560
96,cam ranh,11.9214,109.1591,29.98,70,40,4.63,VN,1699850560
97,olonkinbyen,70.9221,-8.7187,-3.17,68,100,2.61,SJ,1699850560
98,nar'yan-mar,67.6713,53.087,-11.61,94,44,2.24,RU,1699850560
99,lompoc,34.6391,-120.4579,13.08,82,0,3.6,US,1699850458
100,boguchany,58.3814,97.4531,-3.13,90,100,2.11,RU,1699850561
101,pembroke,45.8168,-77.1162,-6.01,89,22,1.9,CA,1699850466
102,tazovsky,67.4667,78.7,-6.13,93,88,8.34,RU,1699850561
103,suwayr,30.1171,40.3893,17.52,32,85,2.22,SA,1699850561
104,hermanus,-34.4187,19.2345,15.28,81,23,4.8,ZA,1699850561
105,tobruk,32.0836,23.9764,19.89,74,2,2.23,LY,1699850561
106,santa ana de yacuma,-13.75,-65.4333,28.36,60,70,3.16,BO,1699850561
107,aras-asan,8.8908,126.3033,30.24,68,36,4.31,PH,1699850561
108,hawaiian paradise park,19.5933,-154.9731,22.8,94,100,2.06,US,1699850562
109,akrehamn,59.2667,5.1833,6.34,87,75,3.09,NO,1699850562
110,neustadt,49.7117,12.0872,4.06,92,100,0.45,DE,1699850562
111,sarmiento,-45.5882,-69.07,8.43,51,1,13.37,AR,1699850562
112,oume,35.7839,139.2431,15.59,30,0,7.2,JP,1699850562
113,katabu,-4.9333,122.5167,34.38,42,83,2.35,ID,1699850562
114,arkhangel'sk,64.5401,40.5433,-6.6,90,71,5.11,RU,1699850562
115,udachny,66.4167,112.4,-11.97,84,100,3.53,RU,1699850562
116,levuka,50.1834,-105.4011,-1.16,60,7,2.6,CA,1699850563
117,san julian,21.0167,-102.1667,16.46,64,56,1.84,MX,1699850563
118,badger,64.8,-147.5333,-9.45,89,20,0.0,US,1699850563
119,ola,59.5833,151.2833,-10.95,61,100,5.25,RU,1699850563
120,bumba,2.1833,22.4667,21.08,97,98,0.35,CD,1699850563
121,salta,-24.7859,-65.4117,22.33,73,75,4.63,AR,1699850313
122,czluchow,53.6672,17.3588,4.71,87,100,3.02,PL,1699850448
123,auki,-8.7676,160.7034,27.8,74,100,1.19,SB,1699850563
124,iskateley,67.6803,53.1512,-11.66,94,45,2.24,RU,1699850564
125,saldanha,-33.0117,17.9442,12.03,80,20,6.04,ZA,1699850564
126,port augusta,-32.5,137.7667,27.83,25,99,7.23,AU,1699850564
127,paphos,34.7667,32.4167,16.88,72,86,4.12,CY,1699850564
128,boa vista,2.8197,-60.6733,27.99,65,0,3.6,BR,1699850564
129,jeddah,21.5169,39.2192,27.92,61,20,1.03,SA,1699850564
130,yemel'yanovo,56.1681,92.6767,3.45,70,40,3.0,RU,1699850564
131,kapuskasing,49.4169,-82.4331,2.0,93,100,7.2,CA,1699850342
132,daru,-9.0763,143.2092,28.03,65,65,4.24,PG,1699850565
133,papatowai,-46.5619,169.4708,10.69,96,100,1.32,NZ,1699850565
134,hirado,33.3597,129.5531,12.44,51,27,6.33,JP,1699850565
135,holualoa,19.6228,-155.9522,24.91,85,75,2.57,US,1699850565
136,thunder bay,48.4001,-89.3168,5.99,81,75,4.12,CA,1699850565
137,villa del totoral,-30.8167,-63.7167,13.6,30,0,6.14,AR,1699850565
138,al wajh,26.2455,36.4525,24.97,61,0,0.0,SA,1699850565
139,jutai,-5.1833,-68.9,23.62,94,13,1.02,BR,1699850566
140,keflavik,64.0049,-22.5624,3.95,65,0,9.26,IS,1699850566
141,kill devil hills,36.0307,-75.676,12.77,72,0,6.69,US,1699850353
142,savanna-la-mar,18.219,-78.1332,26.97,88,32,1.79,JM,1699850566
143,okha,53.5739,142.9478,-3.02,73,99,5.73,RU,1699850566
144,georgetown,5.4112,100.3354,31.97,66,20,3.6,MY,1699850566
145,avarua,-21.2078,-159.775,22.03,68,99,5.14,CK,1699850559
146,kailua-kona,19.6406,-155.9956,26.98,86,75,2.57,US,1699850420
147,sao joao del rei,-21.1356,-44.2617,21.59,57,38,1.24,BR,1699850567
148,el coacoyul,17.6167,-101.4333,25.87,85,38,1.95,MX,1699850567
149,serendah,3.3646,101.6041,33.6,95,86,3.13,MY,1699850567
150,susuman,62.7833,148.1667,-29.73,98,90,0.28,RU,1699850567
151,chaparral,3.7232,-75.4832,20.02,87,89,2.42,CO,1699850567
152,enewetak,11.3474,162.3373,27.79,81,100,6.94,MH,1699850567
153,sur,22.5667,59.5289,27.17,43,88,4.23,OM,1699850567
154,broken hill,-31.95,141.4333,29.95,15,44,4.9,AU,1699850272
155,ardestan,33.3761,52.3694,17.57,30,100,0.5,IR,1699850568
156,zuni pueblo,35.0725,-108.8506,-1.65,33,0,5.01,US,1699850568
157,zouerate,22.7187,-12.4521,20.56,15,5,3.1,MR,1699850568
158,acapulco de juarez,16.8634,-99.8901,28.9,84,0,1.03,MX,1699850508
159,vilyuchinsk,52.9306,158.4028,-0.85,77,50,1.72,RU,1699850568
160,brajarajnagar,21.8167,83.9167,27.16,51,93,2.66,IN,1699850568
161,ilulissat,69.2167,-51.1,-12.99,61,29,1.54,GL,1699850569
162,bamboo flat,11.7,92.7167,27.05,83,75,2.57,IN,1699850569
163,katsuura,35.1333,140.3,11.78,59,88,6.18,JP,1699850569
164,al fuwayliq,26.4432,43.2534,22.05,32,100,3.26,SA,1699850569
165,verkhovazh'ye,60.7472,42.0465,0.08,97,100,5.01,RU,1699850569
166,barcelos,41.5388,-8.6151,18.08,96,100,4.52,PT,1699850306
167,rio gallegos,-51.6226,-69.2181,10.03,50,100,2.57,AR,1699850569
168,ratnagiri,16.9833,73.3,31.26,50,43,3.34,IN,1699850570
169,sitka,57.0531,-135.33,1.94,80,0,2.06,US,1699850570
170,darwin,-12.4611,130.8418,33.27,58,32,0.89,AU,1699850462
171,ust-nera,64.5667,143.2,-25.82,99,99,1.31,RU,1699850570
172,la ronge,55.1001,-105.2842,-0.86,80,40,2.06,CA,1699850570
173,east london,-33.0153,27.9116,15.52,72,20,3.09,ZA,1699850570
174,tolanaro,-25.0319,46.9987,24.04,64,0,1.03,MG,1699850570
175,champerico,14.3,-91.9167,27.0,81,10,2.3,GT,1699850570
176,khorixas,-20.3667,14.9667,24.42,17,8,0.7,NA,1699850571
177,torghay,49.6339,63.4981,5.59,80,8,1.64,KZ,1699850571
178,santa maria,-29.6842,-53.8069,20.0,99,84,3.89,BR,1699850058
179,aasiaat,68.7098,-52.8699,-15.13,91,18,2.82,GL,1699850571
180,nova sintra,14.8667,-24.7167,23.14,68,60,4.19,CV,1699850571
181,caxito,-8.5785,13.6643,24.71,93,100,1.4,AO,1699850571
182,dudinka,69.4058,86.1778,-4.1,95,100,4.82,RU,1699850571
183,ulanhot,46.0833,122.0833,5.17,32,1,4.74,CN,1699850571
184,hamilton,39.1834,-84.5333,7.77,74,0,1.54,US,1699850572
185,santo antonio,-6.3106,-35.4789,21.48,87,3,2.69,BR,1699850572
186,fale old settlement,-9.3852,-171.2468,29.44,68,50,1.58,TK,1699850572
187,carnarvon,-24.8667,113.6333,23.81,62,29,5.9,AU,1699850572
188,ust-tsilma,65.441,52.1498,-5.22,95,98,1.34,RU,1699850572
189,sao jose da coroa grande,-8.8978,-35.1478,23.29,80,13,1.48,BR,1699850572
190,battagram,34.6772,73.0233,19.2,31,0,1.24,PK,1699850572
191,ihosy,-22.4,46.1167,26.48,37,0,0.64,MG,1699850572
192,uturoa,-16.7333,-151.4333,27.31,77,72,1.41,PF,1699850573
193,lebu,-37.6167,-73.65,7.65,75,1,6.12,CL,1699850573
194,kenora,49.8167,-94.4337,2.54,87,20,6.71,CA,1699850573
195,rio preto da eva,-2.6994,-59.6997,26.14,71,27,1.22,BR,1699850573
196,dakhla,23.6848,-15.958,21.79,47,34,3.79,EH,1699850573
197,eydhafushi,5.1033,73.0708,27.83,73,56,1.92,MV,1699850573
198,mogocha,53.7333,119.7667,-3.81,35,17,0.71,RU,1699850573
199,ar rahad,12.7167,30.65,29.03,31,53,2.56,SD,1699850574
200,polyarnyy,69.1989,33.4478,-9.69,95,94,4.16,RU,1699850574
201,mokhsogollokh,61.4681,128.9203,-13.76,87,100,3.55,RU,1699850574
202,mafinga,-7.25,35.0667,22.66,66,97,1.74,TZ,1699850574
203,taoudenni,22.6783,-3.9836,23.38,23,5,5.1,ML,1699850574
204,alofi,-19.0595,-169.9187,23.94,88,100,5.66,NU,1699850574
205,waddan,29.1614,16.139,16.94,81,0,1.01,LY,1699850574
206,brasileia,-11.0161,-68.7481,25.74,70,6,1.13,BR,1699850575
207,tanjung pandan,-2.75,107.65,31.42,59,50,2.15,ID,1699850575
208,puerto yuca,2.9383,-73.2083,22.94,97,31,1.48,CO,1699850575
209,funehikimachi-funehiki,37.4333,140.5833,7.64,85,85,3.64,JP,1699850575
210,qaqortoq,60.7167,-46.0333,-9.17,91,23,1.12,GL,1699850575
211,leh,34.1667,77.5833,3.13,36,69,1.81,IN,1699850575
212,banjarmasin,-3.3244,114.591,31.08,55,97,2.6,ID,1699850575
213,laguna,38.421,-121.4238,16.05,67,0,2.57,US,1699850575
214,ad darb,17.7229,42.2526,28.95,69,4,2.29,SA,1699850576
215,yuncheng,35.0231,110.9928,10.21,29,20,2.31,CN,1699850576
216,komotini,41.1228,25.3964,11.14,85,100,0.89,GR,1699850576
217,ain taya,36.7933,3.2869,9.91,81,0,0.0,DZ,1699850576
218,thal,35.4791,72.2439,11.97,36,0,1.36,PK,1699850576
219,kone,-21.0595,164.8658,24.63,53,63,5.0,NC,1699850576
220,barinitas,8.7622,-70.4111,22.9,80,92,1.82,VE,1699850576
221,kismayo,-0.3582,42.5454,28.11,75,72,3.08,SO,1699850577
222,khanty-mansiysk,61.0042,69.0019,-2.94,86,40,2.0,RU,1699850577
223,san patricio,28.017,-97.5169,17.05,97,100,4.65,US,1699850577
224,douglas,41.3,-96.167,11.9,58,0,3.09,US,1699850569
225,gonzales,30.2385,-90.9201,20.11,85,100,2.57,US,1699850312
226,ciudad lazaro cardenas,17.9583,-102.2,25.74,86,59,1.45,MX,1699850577
227,puerto baquerizo moreno,-0.9,-89.6,23.71,82,85,5.68,EC,1699850552
228,taro,-8.3862,115.28,26.59,55,43,2.64,ID,1699850577
229,piste,20.7,-88.5833,21.79,97,7,1.31,MX,1699850577
230,el nido,11.1858,119.3956,29.78,68,44,4.29,PH,1699850578
231,zhosaly,45.4878,64.0781,6.56,73,6,1.75,KZ,1699850578
232,srivardhan,18.0333,73.0167,31.02,48,30,2.25,IN,1699850578
233,olinda,-8.0089,-34.8553,25.85,73,40,3.09,BR,1699850578
234,tejen,37.3834,60.5054,15.68,31,0,7.41,TM,1699850578
235,praia da vitoria,38.7333,-27.0667,17.14,82,40,1.15,PT,1699850578
236,afaahiti,-17.75,-149.2833,23.93,81,64,2.56,PF,1699850578
237,cidreira,-30.1811,-50.2056,20.65,97,97,8.5,BR,1699850578
238,teknaf,20.8624,92.3058,28.66,60,49,1.78,BD,1699850579
239,arvayheer,46.2639,102.775,-0.78,12,13,0.59,MN,1699850579
240,santiago de cao,-7.9589,-79.2392,19.07,88,75,4.63,PE,1699850579
241,lihue,21.9789,-159.3672,26.58,77,75,10.29,US,1699850300
242,tsiroanomandidy,-18.7667,46.0333,24.7,63,92,1.3,MG,1699850579
243,touros,-5.1989,-35.4608,26.54,70,54,5.79,BR,1699850579
244,umluj,25.0213,37.2685,28.48,58,100,0.66,SA,1699850579
245,vigan,17.5747,120.3869,31.63,87,15,3.47,PH,1699850579
246,nishinoomote,30.7333,131.0,15.31,47,40,7.72,JP,1699850580
247,egilsstadir,65.2653,-14.3948,0.95,93,75,4.63,IS,1699850580
248,dalandzadgad,43.5708,104.425,2.36,17,55,0.63,MN,1699850580
249,kakata,6.53,-10.3517,23.49,98,100,0.56,LR,1699850580
250,oppdal,62.5943,9.6912,-5.38,72,6,2.43,NO,1699850580
251,celestun,20.8667,-90.4,25.6,81,47,5.22,MX,1699850580
252,toliara,-23.35,43.6667,25.89,65,0,1.2,MG,1699850580
253,ixtapa,20.7,-105.2,26.57,78,40,2.57,MX,1699850580
254,ponta delgada,37.7333,-25.6667,20.4,94,75,4.12,PT,1699850580
255,dolinsk,47.35,142.8,-1.82,65,80,0.96,RU,1699850581
256,sabzevar,36.2126,57.6819,8.6,61,0,4.12,IR,1699850581
257,argo,37.6333,22.7333,15.99,90,99,1.86,GR,1699850581
258,saudarkrokur,65.7461,-19.6394,-1.15,72,96,3.24,IS,1699850581
259,tres lagoas,-20.7511,-51.6783,29.32,31,60,1.8,BR,1699850433
260,talachyn,54.4097,29.6917,4.5,91,100,6.65,BY,1699850581
261,belyy yar,53.6039,91.3903,-6.06,79,100,0.0,RU,1699850581
262,bayanhongor,46.7167,100.1167,-9.37,45,3,0.6,MN,1699850582
263,pasan,22.85,82.2,25.19,46,54,2.04,IN,1699850582
264,dikhil,11.5,42.1667,25.07,65,30,4.47,DJ,1699850582
265,sisimiut,66.9395,-53.6735,-10.29,84,46,3.72,GL,1699850582
266,kotabumi,-4.8333,104.9,35.04,41,93,2.64,ID,1699850582
267,san jose del cabo,23.0589,-109.6977,26.39,71,40,3.6,MX,1699850582
268,barras,-4.2444,-42.2944,21.89,95,0,1.73,BR,1699850583
269,gaiman,-43.2897,-65.4929,12.52,33,56,8.66,AR,1699850583
270,palmer,42.1584,-72.3287,-1.16,77,0,0.0,US,1699850583
271,mount gambier,-37.8333,140.7667,17.6,46,29,4.36,AU,1699850583
272,dawson creek,55.7666,-120.2362,-2.2,86,0,0.0,CA,1699850367
273,karratha,-20.7377,116.8463,30.76,36,45,8.34,AU,1699850298
274,diamantino,-14.4086,-56.4461,27.6,55,60,2.03,BR,1699850584
275,singkil,-7.9855,111.4161,32.21,54,53,2.75,ID,1699850584
276,acacias,3.987,-73.758,21.05,88,88,2.74,CO,1699850476
277,broome,42.2506,-75.833,-0.79,82,0,0.0,US,1699850584
278,bani walid,31.7566,13.9942,16.38,60,0,2.8,LY,1699850584
279,tateyama,34.9833,139.8667,11.83,63,81,6.99,JP,1699850585
280,phan rang-thap cham,11.5667,108.9833,24.82,91,100,5.4,VN,1699850585
281,zaozersk,69.4005,32.4476,-11.33,94,99,3.23,RU,1699850585
282,gerash,27.6652,54.1371,14.08,18,64,0.61,IR,1699850585
283,la passe,45.5549,-0.8967,16.66,85,93,6.41,FR,1699850585
284,labrador city,52.9463,-66.9114,-8.05,93,100,2.06,CA,1699850586
285,enriquillo,17.9,-71.2333,25.85,88,22,6.14,DO,1699850586
286,fauske,67.2588,15.3918,-1.79,73,2,3.37,NO,1699850586
287,burang,30.25,81.1667,2.93,26,0,2.36,CN,1699850586
288,gudiyatham,12.95,78.8667,26.02,66,100,4.31,IN,1699850586
289,cody,44.5263,-109.0565,3.34,48,0,1.54,US,1699850586
290,punasa,22.2333,76.4,24.87,42,99,3.33,IN,1699850587
291,cedar city,37.6775,-113.0619,2.54,32,0,2.06,US,1699850587
292,banlung,13.7468,107.0045,31.59,48,75,3.44,KH,1699850555
293,togur,58.3631,82.8265,0.64,99,100,2.68,RU,1699850587
294,nova vicosa,-17.8919,-39.3719,24.03,84,2,6.38,BR,1699850587
295,sucre,-19.0333,-65.2627,15.56,61,100,4.27,BO,1699850176
296,sai buri,6.7013,101.6168,32.76,67,95,3.24,TH,1699850587
297,akureyri,65.6835,-18.0878,0.96,69,75,1.03,IS,1699850588
298,ad dilam,23.9915,47.1627,21.23,48,78,2.38,SA,1699850588
299,richards bay,-28.783,32.0377,19.11,82,99,3.08,ZA,1699850588
300,talnakh,69.4865,88.3972,-4.33,97,100,3.01,RU,1699850589
301,eyl,7.9803,49.8164,28.73,69,98,8.14,SO,1699850589
302,ketchikan,55.3422,-131.6461,6.99,61,0,4.63,US,1699850589
303,crane,31.3974,-102.3501,13.87,84,100,3.85,US,1699850589
304,tobelo,1.7284,128.0095,28.95,75,99,1.67,ID,1699850589
305,minas de marcona,-15.2119,-75.1103,14.28,90,90,5.78,PE,1699850590
306,guiyang,26.5833,106.7167,6.27,81,100,4.0,CN,1699850303
307,cabo san lucas,22.8909,-109.9124,26.53,70,63,2.29,MX,1699849799
308,lubuklinggau,-3.3,102.8667,33.29,53,92,1.46,ID,1699850590
309,whistler,50.1164,-122.9695,1.98,98,100,1.48,CA,1699850590
310,satka,55.0425,59.04,2.87,66,100,1.48,RU,1699850590
311,lospalos,-8.5186,127.0025,30.51,48,14,4.89,TL,1699850591
312,cannonvale,-20.2833,148.7,26.66,54,0,6.81,AU,1699850591
313,sao gabriel da cachoeira,-0.1303,-67.0892,23.46,97,43,0.36,BR,1699850591
314,keetmanshoop,-26.5833,18.1333,21.86,15,0,2.37,NA,1699850591
315,kourou,5.1552,-52.6478,25.8,89,3,3.49,GF,1699850591
316,t'aebaek,37.1759,128.9889,3.65,26,0,3.22,KR,1699850591
317,kalajoki,64.25,23.95,-1.16,82,100,4.55,FI,1699850592
318,angaur state,6.906,134.13,29.41,73,92,5.46,PW,1699850592
319,ingeniero jacobacci,-41.3427,-69.5448,4.08,61,0,6.2,AR,1699850592
320,corinth,37.9407,22.9573,16.05,96,100,1.64,GR,1699850592
321,villa bruzual,9.3328,-69.1208,24.4,84,99,0.99,VE,1699850592
322,sierra grande,-41.606,-65.3557,10.88,26,19,4.85,AR,1699850592
323,candelaria,13.9311,121.4233,26.33,73,87,4.73,PH,1699850592
324,padang,-0.9492,100.3543,29.03,80,72,3.14,ID,1699850592
325,arraial do cabo,-22.9661,-42.0278,23.77,90,80,2.18,BR,1699850593
326,idri,27.5,13.2667,17.21,64,0,2.91,LY,1699850593
327,kemijarvi,66.7131,27.4306,-8.33,96,100,2.24,FI,1699850593
328,kegen,43.0197,79.2203,-2.63,90,100,1.63,KZ,1699850593
329,isangel,-19.55,169.2667,26.06,73,75,2.57,VU,1699850593
330,bikenibeu village,1.3673,173.1241,28.98,84,75,1.54,KI,1699850593
331,mount isa,-20.7333,139.5,37.87,20,6,6.69,AU,1699850594
332,san antonio de pale,-1.4014,5.6325,26.22,83,44,4.22,GQ,1699850594
333,vernon,50.2581,-119.2691,5.74,72,100,2.57,CA,1699850427
334,al hasakah,36.5024,40.7477,18.65,45,37,1.69,SY,1699850594
335,smithers,54.7804,-127.1743,-1.82,100,100,1.03,CA,1699850594
336,berdigestyakh,62.0989,126.6992,-14.77,92,95,3.5,RU,1699850594
337,palangkaraya,-2.2,113.8333,24.4,95,100,0.97,ID,1699850594
338,tual,-5.6667,132.75,27.95,77,46,4.51,ID,1699850595
339,pacific grove,36.6177,-121.9166,14.12,89,75,1.54,US,1699850595
340,galle,6.0367,80.217,26.03,88,100,2.79,LK,1699850595
341,kapa'a,22.0752,-159.319,26.99,82,75,10.29,US,1699850595
342,princeton,25.5384,-80.4089,27.01,84,0,2.57,US,1699850003
343,robertsganj,24.7,83.0667,25.69,40,14,1.57,IN,1699850595
344,bengkulu,-3.8004,102.2655,27.9,79,62,5.16,ID,1699850596
345,beibei,29.8256,106.4339,11.87,77,100,2.05,CN,1699850596
346,plastun,44.7561,136.2939,0.07,48,60,5.23,RU,1699850596
347,iwaki,37.05,140.8833,12.85,54,90,1.34,JP,1699850596
348,qamdo,31.1667,97.2333,0.14,32,0,1.64,CN,1699850596
349,palapye,-22.546,27.1251,20.18,66,93,9.07,BW,1699850596
350,okhotsk,59.3833,143.3,-13.44,76,4,8.3,RU,1699850596
351,queenstown,-31.8976,26.8753,11.22,75,2,0.18,ZA,1699850597
352,santa cruz,-17.8,-63.1667,29.7,62,46,7.72,BO,1699850594
353,basoko,1.2391,23.616,20.97,95,80,1.07,CD,1699850597
354,princeville,45.7668,-61.2985,2.4,94,100,2.06,CA,1699850597
355,beltran,-27.8291,-64.061,20.43,52,99,6.32,AR,1699850597
356,kasongo-lunda,-6.4667,16.8167,20.68,99,100,0.85,CD,1699850597
357,klyuchi,52.2667,79.1667,4.96,81,98,5.6,RU,1699850597
358,colonia general alfredo stroessner,-25.3667,-55.7,27.25,55,80,1.84,PY,1699850598
359,peto,20.1333,-88.9167,22.4,99,8,0.99,MX,1699850598
360,pallisa,1.145,33.7094,20.84,88,78,1.75,UG,1699850598
361,ryotsu-minato,38.0833,138.4333,8.97,61,71,9.34,JP,1699850598
362,maceio,-9.6658,-35.7353,21.69,100,0,1.54,BR,1699850598
363,yakymivka,46.6897,35.1536,7.32,84,84,3.85,UA,1699850598
364,henderson,36.0397,-114.9819,15.45,22,0,3.6,US,1699850420
365,aldama,22.9167,-98.0667,19.72,80,100,1.65,MX,1699850599
366,mili,6.0815,171.735,28.77,81,100,7.96,MH,1699850599
367,bel ombre,-4.6167,55.4167,29.91,74,40,2.57,SC,1699850599
368,itoman,26.1247,127.6694,23.21,53,40,10.29,JP,1699850599
369,viedma,-40.8135,-62.9967,8.7,24,0,4.37,AR,1699850599
370,caleta de carquin,-11.0925,-77.6267,19.3,87,20,4.28,PE,1699850599
371,kristiansund,63.1115,7.732,0.36,80,61,3.09,NO,1699850600
372,nagqu,31.5,92.0,-2.92,22,3,2.59,CN,1699850600
373,guaymate,18.5879,-68.9787,23.86,94,14,3.54,DO,1699850600
374,ust'-ordynskiy,52.805,104.7508,-8.15,75,60,0.82,RU,1699850600
375,launceston,-41.45,147.1667,22.41,42,0,10.8,AU,1699850600
376,st. john's,47.5649,-52.7093,-1.29,81,100,6.17,CA,1699850600
377,fort bragg,35.139,-79.006,10.75,81,0,0.89,US,1699850601
378,al bawiti,28.3492,28.8659,19.25,88,0,2.45,EG,1699850601
379,constantia,44.1833,28.65,3.38,52,97,1.2,RO,1699850601
380,happy valley-goose bay,53.3168,-60.3315,-1.83,69,75,6.17,CA,1699850601
381,jarny,49.1574,5.8788,12.45,93,100,1.79,FR,1699850601
382,yaren,-0.5472,166.916,27.94,82,93,11.32,NR,1699850601
383,malango,-2.9627,119.9001,30.17,48,97,2.0,ID,1699850601
384,khandyga,62.6667,135.6,-20.72,97,100,0.56,RU,1699850602
385,luderitz,-26.6481,15.1594,18.91,52,0,6.43,NA,1699850602
386,ancud,-41.8697,-73.8203,8.78,86,94,5.2,CL,1699850602
387,alice springs,-23.7,133.8833,35.75,19,89,3.6,AU,1699850602
388,viveiro,43.6623,-7.5934,18.17,83,86,7.96,ES,1699850602
389,kununurra,-15.7667,128.7333,35.99,44,42,4.12,AU,1699850556
390,chambas,22.1928,-78.9136,24.32,85,30,3.89,CU,1699850602
391,ndende,-2.4008,11.3581,22.4,99,98,0.16,GA,1699850602
392,neryungri,56.6709,124.6491,-9.62,84,97,2.7,RU,1699850603
393,kati,12.7441,-8.0726,17.67,18,36,1.16,ML,1699850603
394,mazyr,52.0495,29.2456,5.43,83,100,6.74,BY,1699850603
395,barentu,15.1139,37.5928,24.9,52,52,1.51,ER,1699850603
396,rainsville,34.4943,-85.8477,11.94,92,0,0.0,US,1699850603
397,oneonta,42.4529,-75.0638,-2.61,91,4,0.32,US,1699850603
398,onega,63.9061,38.1404,-4.12,85,87,6.2,RU,1699850571
399,ust'-kalmanka,52.1207,83.305,5.22,73,67,6.8,RU,1699850603
400,ta`u,-14.2336,-169.5144,28.09,77,26,2.63,AS,1699850604
401,altamont,42.2068,-121.7372,8.91,66,0,8.75,US,1699850604
402,newman,37.3138,-121.0208,15.03,43,97,2.1,US,1699850604
403,urumqi,43.801,87.6005,2.53,75,75,3.0,CN,1699850604
404,khorramshahr,30.4397,48.1664,18.98,59,100,1.03,IR,1699850604
405,pangody,65.85,74.4859,-8.25,89,13,9.03,RU,1699850604
406,tidjikja,18.5564,-11.4271,24.08,14,11,4.03,MR,1699850604
407,kebili,33.7044,8.969,17.17,66,33,3.34,TN,1699850605
408,kirensk,57.7853,108.1119,-7.24,69,84,2.24,RU,1699850605
409,punta cana,18.5818,-68.4043,27.87,78,20,5.14,DO,1699850605
410,ca mau,9.1769,105.15,30.82,67,68,6.0,VN,1699850605
411,saint clair,38.55,-89.9168,11.87,51,54,3.23,US,1699850605
412,portland,45.5234,-122.6762,12.21,91,100,0.89,US,1699850027
413,kirovskiy,45.0917,133.5136,-3.32,78,70,5.0,RU,1699850605
414,panaba,21.2833,-88.2667,22.97,96,63,3.11,MX,1699850606
415,dolores,-36.3132,-57.6792,8.26,80,38,3.05,AR,1699850606
416,greymouth,-42.4667,171.2,14.58,87,99,4.71,NZ,1699850606
417,olds,51.7834,-114.102,3.46,59,100,2.06,CA,1699850606
418,selfoss,63.9331,-20.9971,2.8,60,99,6.83,IS,1699850606
419,shiyan,32.6475,110.7781,10.99,54,76,2.14,CN,1699850357
420,tainan,22.9908,120.2133,27.88,50,20,4.12,TW,1699850606
421,torit,4.4133,32.5678,25.97,63,34,0.68,SS,1699850607
422,pisco,-13.7,-76.2167,19.45,88,16,1.03,PE,1699850607
423,bodo,67.28,14.405,-1.79,68,0,8.75,NO,1699850607
424,nyurba,63.2842,118.3319,-12.25,91,100,1.94,RU,1699850607
425,ginir,7.1333,40.7,17.03,81,88,1.82,ET,1699850607
426,yuzhno-kurilsk,44.0306,145.8556,2.43,80,82,2.06,RU,1699850607
427,calingasta,-31.3308,-69.4078,13.0,27,0,2.21,AR,1699850607
428,valera,9.3178,-70.6036,22.46,84,98,2.64,VE,1699850439
429,walvis bay,-22.9575,14.5053,15.14,86,9,1.29,NA,1699850608
430,puerto armuelles,8.2833,-82.8667,27.27,84,100,3.13,PA,1699850550
431,kijang,35.2442,129.2139,9.85,16,0,0.83,KR,1699850608
432,corumba,-19.0092,-57.6533,29.87,47,13,1.85,BR,1699850403
433,butembo,0.15,29.2833,15.89,97,78,0.36,CD,1699850608
434,ushachy,55.1786,28.6035,4.3,88,99,5.49,BY,1699850608
435,kingston,17.997,-76.7936,29.53,70,20,3.09,JM,1699850550
436,dhidhdhoo,6.8833,73.1,28.2,74,89,2.89,MV,1699850609
437,la'ie,21.6477,-157.9253,27.98,75,47,5.36,US,1699850609
438,sandnessjoen,66.0217,12.6316,-1.94,74,0,2.06,NO,1699850609
439,stolin,51.8912,26.846,4.98,78,98,5.92,BY,1699850609
440,totness,5.8833,-56.3167,26.68,84,0,5.59,SR,1699850609
441,bardai,11.65,7.2333,19.73,22,37,4.44,NG,1699850609
442,guarapari,-20.6667,-40.4975,24.94,79,78,2.86,BR,1699850609
443,zhicheng,30.2956,111.5047,12.42,40,34,1.72,CN,1699850609
444,fortuna,40.5982,-124.1573,13.85,81,0,4.12,US,1699850610
445,tocopilla,-22.092,-70.1979,18.15,78,22,2.68,CL,1699850610
446,kalmunai,7.4167,81.8167,25.6,89,100,3.43,LK,1699850610
447,north berwick,56.0583,-2.7229,7.51,92,88,4.85,GB,1699850610
448,nouadhibou,20.931,-17.0347,19.99,77,1,5.14,MR,1699850610
449,coahuayana de hidalgo,18.7,-103.6583,25.14,89,82,1.57,MX,1699850610
450,trincomalee,8.5711,81.2335,25.78,91,100,7.14,LK,1699850610
451,krasnoarmeysk,51.0239,45.6969,8.79,80,100,7.24,RU,1699850611
452,ekenas,59.9736,23.4339,2.72,86,100,4.47,FI,1699850611
453,roma,43.2128,-75.4557,-2.29,91,0,1.54,US,1699850404
454,rabo de peixe,37.8,-25.5833,19.73,99,75,5.14,PT,1699850611
455,ambon,-3.6954,128.1814,32.08,66,40,3.6,ID,1699850611
456,punta arenas,-53.15,-70.9167,8.06,66,75,5.66,CL,1699850612
457,nabire,-3.3667,135.4833,32.43,54,43,2.03,ID,1699850613
458,pekanbaru,0.5333,101.45,30.18,79,40,0.0,ID,1699850613
459,northam,51.0333,-4.2167,14.66,97,100,13.5,GB,1699850613
460,mashhad,36.297,59.6062,11.08,71,0,0.0,IR,1699850613
461,aljezur,37.3191,-8.8033,15.47,88,2,1.24,PT,1699850613
462,timbuktu,16.7735,-3.0074,23.42,11,0,4.91,ML,1699850613
463,tofol,5.3248,163.0078,26.1,87,100,7.76,FM,1699850614
464,nadym,65.5333,72.5167,-8.44,82,15,8.12,RU,1699850614
465,mata-utu,-13.2816,-176.1745,28.85,73,83,5.08,WF,1699850614
466,shache,38.4167,77.2406,10.17,20,30,0.63,CN,1699850614
467,kosh-agach,50.0,88.6667,-9.27,88,93,0.89,RU,1699850614
468,wenchang,30.904,118.4887,9.47,33,15,2.95,CN,1699850614
469,coxim,-18.5067,-54.76,27.46,39,42,0.19,BR,1699850460
470,saint-pierre,-21.3393,55.4781,25.87,65,0,4.12,RE,1699850614
471,mahenge,-8.6833,36.7167,18.92,92,100,0.59,TZ,1699850615
472,lepsy,46.235,78.9456,6.02,61,99,6.61,KZ,1699850615
473,sault ste. marie,46.5168,-84.3333,7.31,74,100,3.6,CA,1699850515
474,saint-philippe,-21.3585,55.7679,25.77,77,66,1.93,RE,1699850615
475,tianpeng,30.9866,103.9393,11.26,66,97,1.89,CN,1699850615
476,grand falls-windsor,48.9332,-55.6649,-5.28,92,12,2.16,CA,1699850615
477,kavaratti,10.5669,72.642,28.3,70,78,2.52,IN,1699850616
478,souillac,-20.5167,57.5167,26.21,73,40,1.54,MU,1699850616
479,mthatha,-31.5889,28.7844,13.31,71,75,0.51,ZA,1699850616
480,kannad,20.2667,75.1333,26.12,26,100,1.31,IN,1699850616
481,castillos,-34.1667,-53.8333,15.55,89,74,3.77,UY,1699850616
482,inyonga,-6.7167,32.0667,20.44,83,100,2.36,TZ,1699850616
483,hafnarfjordur,64.0671,-21.9377,3.93,52,0,2.57,IS,1699850616
484,mandapam,9.2833,79.1167,27.28,74,100,8.3,IN,1699850616
485,djambala,-2.5447,14.7533,19.74,95,100,0.73,CG,1699850617
486,goroka,-6.0834,145.3873,24.89,49,67,0.4,PG,1699850617
487,igarka,67.4667,86.5833,-4.5,94,100,5.27,RU,1699850617
488,temerluh,3.4506,102.4176,31.66,77,85,0.45,MY,1699850617
489,hitoyoshi,32.2167,130.75,11.9,42,48,3.96,JP,1699850617
490,saurimo,-9.6608,20.3916,18.25,92,96,0.68,AO,1699850461
491,fuling,29.7022,107.3919,10.87,74,100,0.64,CN,1699850617
492,bintulu,3.1667,113.0333,27.23,89,40,1.54,MY,1699850618
493,gaspe,48.8334,-64.4819,-0.88,80,100,4.12,CA,1699850342
494,san rafael,-34.6177,-68.3301,10.3,34,0,0.57,AR,1699850618
495,zambezi,-13.5432,23.1047,20.43,77,96,1.44,ZM,1699850618
496,zyrya,40.3661,50.2917,16.05,81,41,8.15,AZ,1699850618
497,vila velha,-20.3297,-40.2925,25.97,89,0,5.14,BR,1699850618
498,buhlertal,48.6833,8.1833,11.3,88,100,5.14,DE,1699850618
499,garachico,28.7781,-17.7646,21.38,78,75,3.6,ES,1699850619
500,belmonte,-15.8631,-38.8828,23.75,85,12,4.88,BR,1699850619
501,tra vinh,9.9347,106.3453,31.31,61,35,5.99,VN,1699850619
502,mayahi,13.9553,7.6712,22.08,15,0,5.01,NE,1699850619
503,priargunsk,50.3691,119.1012,-9.01,82,39,1.72,RU,1699850619
504,acarau,-2.8856,-40.12,25.44,81,1,5.6,BR,1699850619
505,steinbach,50.1667,8.5667,7.32,97,75,1.54,DE,1699850619
506,rongelap,11.1635,166.8941,27.99,84,100,8.78,MH,1699850620
507,laurentides,46.4334,-74.9826,-4.21,79,5,0.84,CA,1699850620
508,susa,35.8254,10.637,20.88,73,40,3.6,TN,1699850620
509,farafangana,-22.8167,47.8333,24.58,68,4,3.67,MG,1699850620
510,abhar,36.1468,49.218,13.5,34,94,1.78,IR,1699850620
511,novodvinsk,64.4165,40.8122,-6.79,90,74,5.13,RU,1699850621
512,porto novo,6.4965,2.6036,27.9,90,21,1.27,BJ,1699850621
513,murashi,59.3999,48.9615,0.01,98,100,5.65,RU,1699850621
514,siwana,25.6333,72.4167,25.51,25,80,2.74,IN,1699850621
515,turkestan,43.3333,68.25,7.29,49,1,2.18,KZ,1699850621
516,sotuta,20.6,-89.0167,22.57,93,14,1.65,MX,1699850621
517,choibalsan,48.0667,114.5,-4.58,79,1,4.38,MN,1699850621
518,kurkino,53.4257,38.6582,3.24,93,100,9.66,RU,1699850621
519,island harbour,50.724,-1.2758,14.96,93,100,3.13,GB,1699850622
520,hailin,44.5833,129.4167,-4.61,79,14,2.68,CN,1699850622
521,el granada,37.5027,-122.4694,15.9,84,100,4.12,US,1699850602
522,concepcion,-36.827,-73.0498,7.89,81,0,3.6,CL,1699850622
523,ampanihy,-24.7,44.75,26.53,49,1,2.95,MG,1699850622
524,rio grande,-32.035,-52.0986,16.64,88,100,5.54,BR,1699850597
525,tremp,42.167,0.8949,10.37,89,47,1.7,ES,1699850622
526,brigantine,39.4101,-74.3646,5.0,82,5,1.79,US,1699850622
527,marion,39.7684,-86.1555,7.11,70,0,1.54,US,1699850574
528,magadan,59.5667,150.8,-10.95,60,100,3.76,RU,1699850623
529,hammerfest,70.6634,23.6821,-7.75,62,14,0.0,NO,1699850486
530,tsiombe,-25.3,45.4833,27.85,49,0,3.85,MG,1699850623
531,kencong,-8.2833,113.3667,31.7,58,18,5.21,ID,1699850623
532,bambanglipuro,-7.95,110.2833,29.45,69,56,5.88,ID,1699850623
533,amherst,41.3978,-82.2224,6.4,81,0,2.57,US,1699850623
534,rawai,7.7797,98.3253,31.06,73,100,4.83,TH,1699850623
535,barah,13.7,30.3667,28.69,28,14,2.82,SD,1699850623
536,jiangkou,25.4872,119.1986,15.78,66,100,8.89,CN,1699850623
537,masterton,-40.9597,175.6575,16.6,66,39,5.65,NZ,1699850624
538,leninskoye,41.7589,69.3864,9.1,32,56,1.99,KZ,1699850624
539,changping,40.2186,116.2197,6.8,19,95,0.99,CN,1699850624
540,savur,37.5388,40.8877,12.66,51,28,2.39,TR,1699850624
541,chonchi,-42.6128,-73.8092,7.56,95,99,1.65,CL,1699850624
542,mejit,10.2753,170.8646,28.06,83,84,8.42,MH,1699850624
543,kefamenanu,-9.4467,124.4781,34.63,31,6,5.23,ID,1699850624
544,palikir - national government center,6.9248,158.1611,28.46,70,100,5.56,FM,1699850624
545,huarmey,-10.0681,-78.1522,19.57,84,69,4.17,PE,1699850624
546,boujniba,32.9005,-6.7746,17.54,39,92,2.1,MA,1699850625
547,bandarbeyla,9.4942,50.8122,27.98,77,91,7.99,SO,1699850625
548,vorkuta,67.5,64.0,-11.14,97,94,2.38,RU,1699850625
549,afif,23.9065,42.9172,21.08,42,100,5.38,SA,1699850625
550,carauari,-4.8828,-66.8958,24.93,83,42,0.89,BR,1699850625
551,colombo,6.9319,79.8478,28.97,77,99,2.49,LK,1699850625
552,le vauclin,14.5452,-60.8388,27.03,78,40,4.12,MQ,1699850625
553,tashtyp,52.7939,89.8983,1.92,95,100,0.47,RU,1699850625
